date,name,address,phoneNumber,email,name1,address1,phoneNumber1,email1
2023-10-01,Pharmacie du 1er Mars,Rue du Premier-Mars 31\n2206 Les Geneveys-sur-Coffrane,032 857 10 09,phcie.premiermars@bluewin.ch,Pharmacie Marti Place Pury,Rue du Seyon 1\n2000 Neuchâtel,032 729 11 60,placepury@pharmaciemarti.ch
2023-10-02,Pharmacie du 1er Mars,Rue du Premier-Mars 31\n2206 Les Geneveys-sur-Coffrane,032 857 10 09,phcie.premiermars@bluewin.ch,Pharmacie de St-Blaise,Grand Rue 11\n2072 St-Blaise,032 753 18 42,psb@ovan.ch
2023-10-03,Pharmacie du 1er Mars,Rue du Premier-Mars 31\n2206 Les Geneveys-sur-Coffrane,032 857 10 09,phcie.premiermars@bluewin.ch,Amavita Tripet,Rue du Seyon 8\n2000 Neuchâtel,058 878 21 20,pharmacie.tripet@amavita.ch
2023-10-04,Pharmacie du 1er Mars,Rue du Premier-Mars 31\n2206 Les Geneveys-sur-Coffrane,032 857 10 09,phcie.premiermars@bluewin.ch,Pharmacie de la Gare,Place de La Gare 1\n2000 Neuchâtel,032 724 63 65,pharmacie365@ovan.ch
2023-10-05,Pharmacie du 1er Mars,Rue du Premier-Mars 31\n2206 Les Geneveys-sur-Coffrane,032 857 10 09,phcie.premiermars@bluewin.ch,Sun Store Marin Centre,Rue de la Fleur-de-Lys 26\n2074 Marin-Centre,058 878 56 30,pharmacie.marin-centre@sunstore.ch
2023-10-06,Pharmacie du 1er Mars,Rue du Premier-Mars 31\n2206 Les Geneveys-sur-Coffrane,032 857 10 09,phcie.premiermars@bluewin.ch,Amavita Portes-Rouges,Avenue des Portes-Rouges 46\n2000 Neuchâtel,058 878 21 00,pharmacie.portes-rouges@amavita.ch
2023-10-07,Pharmacieplus du Val-de-Ruz,Rue du Centre 2\n2052 Fontainemelon,032 853 22 56,valderuz.ne@pharmacieplus.ch,Pharmacieplus de Monruz,Rue de Monruz 23\n2000 Neuchâtel,032 725 66 55,monruz@ovan.ch
2023-10-08,Pharmacieplus du Val-de-Ruz,Rue du Centre 2\n2052 Fontainemelon,032 853 22 56,valderuz.ne@pharmacieplus.ch,Pharmacieplus de Monruz,Rue de Monruz 23\n2000 Neuchâtel,032 725 66 55,monruz@ovan.ch
2023-10-09,Pharmacieplus du Val-de-Ruz,Rue du Centre 2\n2052 Fontainemelon,032 853 22 56,valderuz.ne@pharmacieplus.ch,Pharmacie Marti Vausseyon,Rue des Poudrières 137\n2000 Neuchâtel,032 730 44 40,vauseyon@pharmaciemarti.ch
2023-10-10,Pharmacieplus du Val-de-Ruz,Rue du Centre 2\n2052 Fontainemelon,032 853 22 56,valderuz.ne@pharmacieplus.ch,Pharmacieplus des 3 Chevrons,Rue Laurent-Péroud 1\n2088 Cressier,032 757 12 17,3chevrons@pharmacieplus.ch
2023-10-11,Pharmacieplus du Val-de-Ruz,Rue du Centre 2\n2052 Fontainemelon,032 853 22 56,valderuz.ne@pharmacieplus.ch,Pharmaconfort City Centre,Rue de l'Ecluse 38\n2000 Neuchâtel,032 552 50 50,citycentre.ne@pharmaconfort.ch
2023-10-12,Pharmacieplus du Val-de-Ruz,Rue du Centre 2\n2052 Fontainemelon,032 853 22 56,valderuz.ne@pharmacieplus.ch,Amavita Le Landeron,Rue de Soleure 33C\n2525 Le Landeron,058 878 26 80,pharmacie.lelanderon@amavita.ch
2023-10-13,Pharmacieplus du Val-de-Ruz,Rue du Centre 2\n2052 Fontainemelon,032 853 22 56,valderuz.ne@pharmacieplus.ch,Pharmacieplus de Monruz,Rue de Monruz 23\n2000 Neuchâtel,032 725 66 55,monruz@ovan.ch
2023-10-14,Coop Vitality Fontainemelon,Avenue Robert 12\n2052 Fontainemelon,058 878 81 10,pharmacie.fontainemelon@coop-vitality.ch,Pharmacieplus du Bourg,Rue Auguste-Bachelin 11\n2074 Marin-Epagnier,032 753 44 88,bourg.ne@pharmacieplus.ch
2023-10-15,Coop Vitality Fontainemelon,Avenue Robert 12\n2052 Fontainemelon,058 878 81 10,pharmacie.fontainemelon@coop-vitality.ch,Pharmacieplus du Bourg,Rue Auguste-Bachelin 11\n2074 Marin-Epagnier,032 753 44 88,bourg.ne@pharmacieplus.ch
2023-10-16,Coop Vitality Fontainemelon,Avenue Robert 12\n2052 Fontainemelon,058 878 81 10,pharmacie.fontainemelon@coop-vitality.ch,Pharmacieplus de la Rosière,Rue des Parcs 84\n2000 Neuchâtel,032 724 41 44,rosiere@ovan.ch
2023-10-17,Coop Vitality Fontainemelon,Avenue Robert 12\n2052 Fontainemelon,058 878 81 10,pharmacie.fontainemelon@coop-vitality.ch,Sun Store Neuchâtel,Rue de l'Hôpital 2\n2000 Neuchâtel,058 878 66 60,pharmacie.neuchatel@sunstore.ch
2023-10-18,Coop Vitality Fontainemelon,Avenue Robert 12\n2052 Fontainemelon,058 878 81 10,pharmacie.fontainemelon@coop-vitality.ch,Pharmacieplus de l'Orangerie,Rue de l'Orangerie\n2000 Neuchâtel,032 725 12 04,orangerie.ne@ovan.ch
2023-10-19,Coop Vitality Fontainemelon,Avenue Robert 12\n2052 Fontainemelon,058 878 81 10,pharmacie.fontainemelon@coop-vitality.ch,Pharmacieplus des Cadolles,Rue du Plan 32\n2000 Neuchâtel,032 724 89 89,cadolles.ne@pharmacieplus.ch
2023-10-20,Coop Vitality Fontainemelon,Avenue Robert 12\n2052 Fontainemelon,058 878 81 10,pharmacie.fontainemelon@coop-vitality.ch,Amavita Des 2 Thielles,Route de Neuchâtel 46\n2525 Le Landeron,058 878 26 90,pharmacie.des-2-thielles@amavita.ch
2023-10-21,Pharmacie Marti Cernier,Rue Frédéric Soguel 4\n2053 Cernier,032 853 21 72,cernier@pharmaciemarti.ch,Bugnon Centre,Rue des Epancheurs 11\n2000 Neuchâtel,032 725 49 09,pharmacie.bugnon@ovan.ch
2023-10-22,Pharmacie Marti Cernier,Rue Frédéric Soguel 4\n2053 Cernier,032 853 21 72,cernier@pharmaciemarti.ch,Bugnon Centre,Rue des Epancheurs 11\n2000 Neuchâtel,032 725 49 09,pharmacie.bugnon@ovan.ch
2023-10-23,Pharmacie Marti Cernier,Rue Frédéric Soguel 4\n2053 Cernier,032 853 21 72,cernier@pharmaciemarti.ch,BENU Pharmacie Bornand,Rue Saint-Maurice 2\n2000 Neuchâtel,032 725 34 44,bornand@benu.ch
2023-10-24,Pharmacie Marti Cernier,Rue Frédéric Soguel 4\n2053 Cernier,032 853 21 72,cernier@pharmaciemarti.ch,Sun Store Marin Manor,Avenue des Champs-Montants 2\n2074 Marin,058 878 56 20,pharmacie.marin-manor@sunstore.ch
2023-10-25,Pharmacie Marti Cernier,Rue Frédéric Soguel 4\n2053 Cernier,032 853 21 72,cernier@pharmaciemarti.ch,Pharmacie Centrale,Rue Oscar-Huguenin 13\n2017 Boudry,032 842 18 12,mail.pcb@ovan.ch
2023-10-26,Pharmacie Marti Cernier,Rue Frédéric Soguel 4\n2053 Cernier,032 853 21 72,cernier@pharmaciemarti.ch,Amavita Seyon,Rue du Seyon 14\n2000 Neuchâtel,058 878 21 10,pharmacie.seyon@amavita.ch
2023-10-27,Pharmacie Marti Cernier,Rue Frédéric Soguel 4\n2053 Cernier,032 853 21 72,cernier@pharmaciemarti.ch,Pharmacie Marti Place Pury,Rue du Seyon 1\n2000 Neuchâtel,032 729 11 60,placepury@pharmaciemarti.ch
2023-10-28,Pharmacie du 1er Mars,Rue du Premier-Mars 31\n2206 Les Geneveys-sur-Coffrane,032 857 10 09,phcie.premiermars@bluewin.ch,Amavita Portes-Rouges,Avenue des Portes-Rouges 46\n2000 Neuchâtel,058 878 21 00,pharmacie.portes-rouges@amavita.ch
2023-10-29,Pharmacie du 1er Mars,Rue du Premier-Mars 31\n2206 Les Geneveys-sur-Coffrane,032 857 10 09,phcie.premiermars@bluewin.ch,Amavita Portes-Rouges,Avenue des Portes-Rouges 46\n2000 Neuchâtel,058 878 21 00,pharmacie.portes-rouges@amavita.ch
2023-10-30,Pharmacie du 1er Mars,Rue du Premier-Mars 31\n2206 Les Geneveys-sur-Coffrane,032 857 10 09,phcie.premiermars@bluewin.ch,Pharmacie de St-Blaise,Grand Rue 11\n2072 St-Blaise,032 753 18 42,psb@ovan.ch
2023-10-31,Pharmacie du 1er Mars,Rue du Premier-Mars 31\n2206 Les Geneveys-sur-Coffrane,032 857 10 09,phcie.premiermars@bluewin.ch,Sun Store Marin Centre,Rue de la Fleur-de-Lys 26\n2074 Marin-Centre,058 878 56 30,pharmacie.marin-centre@sunstore.ch
2023-11-01,Pharmacie du 1er Mars,Rue du Premier-Mars 31\n2206 Les Geneveys-sur-Coffrane,032 857 10 09,phcie.premiermars@bluewin.ch,Pharmacieplus des 3 Chevrons,Rue Laurent-Péroud 1\n2088 Cressier,032 757 12 17,3chevrons@pharmacieplus.ch
2023-11-02,Pharmacie du 1er Mars,Rue du Premier-Mars 31\n2206 Les Geneveys-sur-Coffrane,032 857 10 09,phcie.premiermars@bluewin.ch,Pharmacie de la Gare,Place de La Gare 1\n2000 Neuchâtel,032 724 63 65,pharmacie365@ovan.ch
2023-11-03,Pharmacie du 1er Mars,Rue du Premier-Mars 31\n2206 Les Geneveys-sur-Coffrane,032 857 10 09,phcie.premiermars@bluewin.ch,Pharmacieplus du Bourg,Rue Auguste-Bachelin 11\n2074 Marin-Epagnier,032 753 44 88,bourg.ne@pharmacieplus.ch
2023-11-04,Pharmacieplus du Val-de-Ruz,Rue du Centre 2\n2052 Fontainemelon,032 853 22 56,valderuz.ne@pharmacieplus.ch,Pharmacieplus de l'Orangerie,Rue de l'Orangerie\n2000 Neuchâtel,032 725 12 04,orangerie.ne@ovan.ch
2023-11-05,Pharmacieplus du Val-de-Ruz,Rue du Centre 2\n2052 Fontainemelon,032 853 22 56,valderuz.ne@pharmacieplus.ch,Pharmacieplus de l'Orangerie,Rue de l'Orangerie\n2000 Neuchâtel,032 725 12 04,orangerie.ne@ovan.ch
2023-11-06,Pharmacieplus du Val-de-Ruz,Rue du Centre 2\n2052 Fontainemelon,032 853 22 56,valderuz.ne@pharmacieplus.ch,Pharmacie Marti Vausseyon,Rue des Poudrières 137\n2000 Neuchâtel,032 730 44 40,vauseyon@pharmaciemarti.ch
2023-11-07,Pharmacieplus du Val-de-Ruz,Rue du Centre 2\n2052 Fontainemelon,032 853 22 56,valderuz.ne@pharmacieplus.ch,Amavita Tripet,Rue du Seyon 8\n2000 Neuchâtel,058 878 21 20,pharmacie.tripet@amavita.ch
2023-11-08,Pharmacieplus du Val-de-Ruz,Rue du Centre 2\n2052 Fontainemelon,032 853 22 56,valderuz.ne@pharmacieplus.ch,Pharmacieplus des Cadolles,Rue du Plan 32\n2000 Neuchâtel,032 724 89 89,cadolles.ne@pharmacieplus.ch
2023-11-09,Pharmacieplus du Val-de-Ruz,Rue du Centre 2\n2052 Fontainemelon,032 853 22 56,valderuz.ne@pharmacieplus.ch,Amavita Des 2 Thielles,Route de Neuchâtel 46\n2525 Le Landeron,058 878 26 90,pharmacie.des-2-thielles@amavita.ch
2023-11-10,Pharmacieplus du Val-de-Ruz,Rue du Centre 2\n2052 Fontainemelon,032 853 22 56,valderuz.ne@pharmacieplus.ch,Bugnon Centre,Rue des Epancheurs 11\n2000 Neuchâtel,032 725 49 09,pharmacie.bugnon@ovan.ch
2023-11-11,Coop Vitality Fontainemelon,Avenue Robert 12\n2052 Fontainemelon,058 878 81 10,pharmacie.fontainemelon@coop-vitality.ch,Pharmacie Centrale,Rue Oscar-Huguenin 13\n2017 Boudry,032 842 18 12,mail.pcb@ovan.ch
2023-11-12,Coop Vitality Fontainemelon,Avenue Robert 12\n2052 Fontainemelon,058 878 81 10,pharmacie.fontainemelon@coop-vitality.ch,Pharmacie Centrale,Rue Oscar-Huguenin 13\n2017 Boudry,032 842 18 12,mail.pcb@ovan.ch
2023-11-13,Coop Vitality Fontainemelon,Avenue Robert 12\n2052 Fontainemelon,058 878 81 10,pharmacie.fontainemelon@coop-vitality.ch,BENU Pharmacie Bornand,Rue Saint-Maurice 2\n2000 Neuchâtel,032 725 34 44,bornand@benu.ch
2023-11-14,Coop Vitality Fontainemelon,Avenue Robert 12\n2052 Fontainemelon,058 878 81 10,pharmacie.fontainemelon@coop-vitality.ch,Sun Store Marin Manor,Avenue des Champs-Montants 2\n2074 Marin,058 878 56 20,pharmacie.marin-manor@sunstore.ch
2023-11-15,Coop Vitality Fontainemelon,Avenue Robert 12\n2052 Fontainemelon,058 878 81 10,pharmacie.fontainemelon@coop-vitality.ch,Pharmacieplus de Monruz,Rue de Monruz 23\n2000 Neuchâtel,032 725 66 55,monruz@ovan.ch
2023-11-16,Coop Vitality Fontainemelon,Avenue Robert 12\n2052 Fontainemelon,058 878 81 10,pharmacie.fontainemelon@coop-vitality.ch,Sun Store Neuchâtel,Rue de l'Hôpital 2\n2000 Neuchâtel,058 878 66 60,pharmacie.neuchatel@sunstore.ch
2023-11-17,Coop Vitality Fontainemelon,Avenue Robert 12\n2052 Fontainemelon,058 878 81 10,pharmacie.fontainemelon@coop-vitality.ch,Pharmacie de St-Blaise,Grand Rue 11\n2072 St-Blaise,032 753 18 42,psb@ovan.ch
2023-11-18,Pharmacie Marti Cernier,Rue Frédéric Soguel 4\n2053 Cernier,032 853 21 72,cernier@pharmaciemarti.ch,Pharmacie de la Gare,Place de La Gare 1\n2000 Neuchâtel,032 724 63 65,pharmacie365@ovan.ch
2023-11-19,Pharmacie Marti Cernier,Rue Frédéric Soguel 4\n2053 Cernier,032 853 21 72,cernier@pharmaciemarti.ch,Pharmacie de la Gare,Place de La Gare 1\n2000 Neuchâtel,032 724 63 65,pharmacie365@ovan.ch
2023-11-20,Pharmacie Marti Cernier,Rue Frédéric Soguel 4\n2053 Cernier,032 853 21 72,cernier@pharmaciemarti.ch,Pharmacie Marti Place Pury,Rue du Seyon 1\n2000 Neuchâtel,032 729 11 60,placepury@pharmaciemarti.ch
2023-11-21,Pharmacie Marti Cernier,Rue Frédéric Soguel 4\n2053 Cernier,032 853 21 72,cernier@pharmaciemarti.ch,Amavita Portes-Rouges,Avenue des Portes-Rouges 46\n2000 Neuchâtel,058 878 21 00,pharmacie.portes-rouges@amavita.ch
2023-11-22,Pharmacie Marti Cernier,Rue Frédéric Soguel 4\n2053 Cernier,032 853 21 72,cernier@pharmaciemarti.ch,Sun Store Marin Centre,Rue de la Fleur-de-Lys 26\n2074 Marin-Centre,058 878 56 30,pharmacie.marin-centre@sunstore.ch
2023-11-23,Pharmacie Marti Cernier,Rue Frédéric Soguel 4\n2053 Cernier,032 853 21 72,cernier@pharmaciemarti.ch,Pharmacieplus des 3 Chevrons,Rue Laurent-Péroud 1\n2088 Cressier,032 757 12 17,3chevrons@pharmacieplus.ch
2023-11-24,Pharmacie Marti Cernier,Rue Frédéric Soguel 4\n2053 Cernier,032 853 21 72,cernier@pharmaciemarti.ch,Pharmacieplus de l'Orangerie,Rue de l'Orangerie\n2000 Neuchâtel,032 725 12 04,orangerie.ne@ovan.ch
2023-11-25,Pharmacie du 1er Mars,Rue du Premier-Mars 31\n2206 Les Geneveys-sur-Coffrane,032 857 10 09,phcie.premiermars@bluewin.ch,Amavita Le Landeron,Rue de Soleure 33C\n2525 Le Landeron,058 878 26 80,pharmacie.lelanderon@amavita.ch
2023-11-26,Pharmacie du 1er Mars,Rue du Premier-Mars 31\n2206 Les Geneveys-sur-Coffrane,032 857 10 09,phcie.premiermars@bluewin.ch,Amavita Le Landeron,Rue de Soleure 33C\n2525 Le Landeron,058 878 26 80,pharmacie.lelanderon@amavita.ch
2023-11-27,Pharmacie du 1er Mars,Rue du Premier-Mars 31\n2206 Les Geneveys-sur-Coffrane,032 857 10 09,phcie.premiermars@bluewin.ch,Pharmacieplus du Bourg,Rue Auguste-Bachelin 11\n2074 Marin-Epagnier,032 753 44 88,bourg.ne@pharmacieplus.ch
2023-11-28,Pharmacie du 1er Mars,Rue du Premier-Mars 31\n2206 Les Geneveys-sur-Coffrane,032 857 10 09,phcie.premiermars@bluewin.ch,Pharmacieplus des Cadolles,Rue du Plan 32\n2000 Neuchâtel,032 724 89 89,cadolles.ne@pharmacieplus.ch
2023-11-29,Pharmacie du 1er Mars,Rue du Premier-Mars 31\n2206 Les Geneveys-sur-Coffrane,032 857 10 09,phcie.premiermars@bluewin.ch,Amavita Seyon,Rue du Seyon 14\n2000 Neuchâtel,058 878 21 10,pharmacie.seyon@amavita.ch
2023-11-30,Pharmacie du 1er Mars,Rue du Premier-Mars 31\n2206 Les Geneveys-sur-Coffrane,032 857 10 09,phcie.premiermars@bluewin.ch,Pharmacie Centrale,Rue Oscar-Huguenin 13\n2017 Boudry,032 842 18 12,mail.pcb@ovan.ch
2023-12-01,Pharmacie du 1er Mars,Rue du Premier-Mars 31\n2206 Les Geneveys-sur-Coffrane,032 857 10 09,phcie.premiermars@bluewin.ch,Pharmacie Marti Vausseyon,Rue des Poudrières 137\n2000 Neuchâtel,032 730 44 40,vauseyon@pharmaciemarti.ch
2023-12-02,Pharmacieplus du Val-de-Ruz,Rue du Centre 2\n2052 Fontainemelon,032 853 22 56,valderuz.ne@pharmacieplus.ch,Amavita Tripet,Rue du Seyon 8\n2000 Neuchâtel,058 878 21 20,pharmacie.tripet@amavita.ch
2023-12-03,Pharmacieplus du Val-de-Ruz,Rue du Centre 2\n2052 Fontainemelon,032 853 22 56,valderuz.ne@pharmacieplus.ch,Amavita Tripet,Rue du Seyon 8\n2000 Neuchâtel,058 878 21 20,pharmacie.tripet@amavita.ch
2023-12-04,Pharmacieplus du Val-de-Ruz,Rue du Centre 2\n2052 Fontainemelon,032 853 22 56,valderuz.ne@pharmacieplus.ch,Pharmaconfort City Centre,Rue de l'Ecluse 38\n2000 Neuchâtel,032 552 50 50,citycentre.ne@pharmaconfort.ch
2023-12-05,Pharmacieplus du Val-de-Ruz,Rue du Centre 2\n2052 Fontainemelon,032 853 22 56,valderuz.ne@pharmacieplus.ch,Amavita Des 2 Thielles,Route de Neuchâtel 46\n2525 Le Landeron,058 878 26 90,pharmacie.des-2-thielles@amavita.ch
2023-12-06,Pharmacieplus du Val-de-Ruz,Rue du Centre 2\n2052 Fontainemelon,032 853 22 56,valderuz.ne@pharmacieplus.ch,Bugnon Centre,Rue des Epancheurs 11\n2000 Neuchâtel,032 725 49 09,pharmacie.bugnon@ovan.ch
2023-12-07,Pharmacieplus du Val-de-Ruz,Rue du Centre 2\n2052 Fontainemelon,032 853 22 56,valderuz.ne@pharmacieplus.ch,BENU Pharmacie Bornand,Rue Saint-Maurice 2\n2000 Neuchâtel,032 725 34 44,bornand@benu.ch
2023-12-08,Pharmacieplus du Val-de-Ruz,Rue du Centre 2\n2052 Fontainemelon,032 853 22 56,valderuz.ne@pharmacieplus.ch,Sun Store Marin Manor,Avenue des Champs-Montants 2\n2074 Marin,058 878 56 20,pharmacie.marin-manor@sunstore.ch
2023-12-09,Coop Vitality Fontainemelon,Avenue Robert 12\n2052 Fontainemelon,058 878 81 10,pharmacie.fontainemelon@coop-vitality.ch,Pharmacieplus de la Rosière,Rue des Parcs 84\n2000 Neuchâtel,032 724 41 44,rosiere@ovan.ch
2023-12-10,Coop Vitality Fontainemelon,Avenue Robert 12\n2052 Fontainemelon,058 878 81 10,pharmacie.fontainemelon@coop-vitality.ch,Pharmacieplus de la Rosière,Rue des Parcs 84\n2000 Neuchâtel,032 724 41 44,rosiere@ovan.ch
2023-12-11,Coop Vitality Fontainemelon,Avenue Robert 12\n2052 Fontainemelon,058 878 81 10,pharmacie.fontainemelon@coop-vitality.ch,Sun Store Marin Centre,Rue de la Fleur-de-Lys 26\n2074 Marin-Centre,058 878 56 30,pharmacie.marin-centre@sunstore.ch
2023-12-12,Coop Vitality Fontainemelon,Avenue Robert 12\n2052 Fontainemelon,058 878 81 10,pharmacie.fontainemelon@coop-vitality.ch,Pharmacie de St-Blaise,Grand Rue 11\n2072 St-Blaise,032 753 18 42,psb@ovan.ch
2023-12-13,Coop Vitality Fontainemelon,Avenue Robert 12\n2052 Fontainemelon,058 878 81 10,pharmacie.fontainemelon@coop-vitality.ch,Pharmacieplus de Monruz,Rue de Monruz 23\n2000 Neuchâtel,032 725 66 55,monruz@ovan.ch
2023-12-14,Coop Vitality Fontainemelon,Avenue Robert 12\n2052 Fontainemelon,058 878 81 10,pharmacie.fontainemelon@coop-vitality.ch,Pharmacie de la Gare,Place de La Gare 1\n2000 Neuchâtel,032 724 63 65,pharmacie365@ovan.ch
2023-12-15,Coop Vitality Fontainemelon,Avenue Robert 12\n2052 Fontainemelon,058 878 81 10,pharmacie.fontainemelon@coop-vitality.ch,Pharmacie Marti Place Pury,Rue du Seyon 1\n2000 Neuchâtel,032 729 11 60,placepury@pharmaciemarti.ch
2023-12-16,Pharmacie Marti Cernier,Rue Frédéric Soguel 4\n2053 Cernier,032 853 21 72,cernier@pharmaciemarti.ch,Sun Store Neuchâtel,Rue de l'Hôpital 2\n2000 Neuchâtel,058 878 66 60,pharmacie.neuchatel@sunstore.ch
2023-12-17,Pharmacie Marti Cernier,Rue Frédéric Soguel 4\n2053 Cernier,032 853 21 72,cernier@pharmaciemarti.ch,Sun Store Neuchâtel,Rue de l'Hôpital 2\n2000 Neuchâtel,058 878 66 60,pharmacie.neuchatel@sunstore.ch
2023-12-18,Pharmacie Marti Cernier,Rue Frédéric Soguel 4\n2053 Cernier,032 853 21 72,cernier@pharmaciemarti.ch,Amavita Portes-Rouges,Avenue des Portes-Rouges 46\n2000 Neuchâtel,058 878 21 00,pharmacie.portes-rouges@amavita.ch
2023-12-19,Pharmacie Marti Cernier,Rue Frédéric Soguel 4\n2053 Cernier,032 853 21 72,cernier@pharmaciemarti.ch,Pharmacieplus des 3 Chevrons,Rue Laurent-Péroud 1\n2088 Cressier,032 757 12 17,3chevrons@pharmacieplus.ch
2023-12-20,Pharmacie Marti Cernier,Rue Frédéric Soguel 4\n2053 Cernier,032 853 21 72,cernier@pharmaciemarti.ch,Pharmacieplus de l'Orangerie,Rue de l'Orangerie\n2000 Neuchâtel,032 725 12 04,orangerie.ne@ovan.ch
2023-12-21,Pharmacie Marti Cernier,Rue Frédéric Soguel 4\n2053 Cernier,032 853 21 72,cernier@pharmaciemarti.ch,Amavita Le Landeron,Rue de Soleure 33C\n2525 Le Landeron,058 878 26 80,pharmacie.lelanderon@amavita.ch
2023-12-22,Pharmacie Marti Cernier,Rue Frédéric Soguel 4\n2053 Cernier,032 853 21 72,cernier@pharmaciemarti.ch,Pharmacieplus du Bourg,Rue Auguste-Bachelin 11\n2074 Marin-Epagnier,032 753 44 88,bourg.ne@pharmacieplus.ch
2023-12-23,Pharmacie du 1er Mars,Rue du Premier-Mars 31\n2206 Les Geneveys-sur-Coffrane,032 857 10 09,phcie.premiermars@bluewin.ch,Amavita Seyon,Rue du Seyon 14\n2000 Neuchâtel,058 878 21 10,pharmacie.seyon@amavita.ch
2023-12-24,Pharmacie du 1er Mars,Rue du Premier-Mars 31\n2206 Les Geneveys-sur-Coffrane,032 857 10 09,phcie.premiermars@bluewin.ch,Amavita Seyon,Rue du Seyon 14\n2000 Neuchâtel,058 878 21 10,pharmacie.seyon@amavita.ch
2023-12-25,Pharmacie du 1er Mars,Rue du Premier-Mars 31\n2206 Les Geneveys-sur-Coffrane,032 857 10 09,phcie.premiermars@bluewin.ch,Pharmacieplus de la Rosière,Rue des Parcs 84\n2000 Neuchâtel,032 724 41 44,rosiere@ovan.ch
2023-12-26,Pharmacie du 1er Mars,Rue du Premier-Mars 31\n2206 Les Geneveys-sur-Coffrane,032 857 10 09,phcie.premiermars@bluewin.ch,Pharmacie Marti Vausseyon,Rue des Poudrières 137\n2000 Neuchâtel,032 730 44 40,vauseyon@pharmaciemarti.ch
2023-12-27,Pharmacie du 1er Mars,Rue du Premier-Mars 31\n2206 Les Geneveys-sur-Coffrane,032 857 10 09,phcie.premiermars@bluewin.ch,Pharmacieplus des Cadolles,Rue du Plan 32\n2000 Neuchâtel,032 724 89 89,cadolles.ne@pharmacieplus.ch
2023-12-28,Pharmacie du 1er Mars,Rue du Premier-Mars 31\n2206 Les Geneveys-sur-Coffrane,032 857 10 09,phcie.premiermars@bluewin.ch,Pharmacie Centrale,Rue Oscar-Huguenin 13\n2017 Boudry,032 842 18 12,mail.pcb@ovan.ch
2023-12-29,Pharmacie du 1er Mars,Rue du Premier-Mars 31\n2206 Les Geneveys-sur-Coffrane,032 857 10 09,phcie.premiermars@bluewin.ch,Amavita Des 2 Thielles,Route de Neuchâtel 46\n2525 Le Landeron,058 878 26 90,pharmacie.des-2-thielles@amavita.ch
2023-12-30,Pharmacie Marti Cernier,Rue Frédéric Soguel 4\n2053 Cernier,032 853 21 72,cernier@pharmaciemarti.ch,Pharmaconfort City Centre,Rue de l'Ecluse 38\n2000 Neuchâtel,032 552 50 50,citycentre.ne@pharmaconfort.ch
2023-12-31,Pharmacie Marti Cernier,Rue Frédéric Soguel 4\n2053 Cernier,032 853 21 72,cernier@pharmaciemarti.ch,Pharmaconfort City Centre,Rue de l'Ecluse 38\n2000 Neuchâtel,032 552 50 50,citycentre.ne@pharmaconfort.ch
